Country,Data_year,Region,KOF_Globalis,Work_rightCIRI,Trade_open,FDI,VDEM_Libdem,GDPpc_2016,Armedcon,Asia,Subsah_Africa,Americas,Europe,M_East_N_Africa,Russia_Eurasia,Pol_terror,SLAVERY,SDGI_2016,Poverty,Cereal_yield,Stunting_u5s,Undernourish,Wasting_u5s,Life_expect,Maternal_mort,Neonatal_mort,Wellbeing,Tuberculosis,Infant_mort,Infant_vaccines,Literacy_15_24yrs,Primary_school,Yrs_of_school,Lack_contraception,F_school,M_school,F_parliam,Freshwater,Sanitation,Water_acc,Co2_fuel,Electric_acc,Fuel_acc,Growth_rate,ATMs,Child_lab,Unemploy,Infrastruct,Internet_use,Broadband,Inequality,Piped_water,Treated_waste,Climate_chg_vuln,Co2_energy_pc,Ocean_biodiv,Ocean_clean,Ocean_protect,Ocean_fisheries,Fish_overexploit,Terrestrial_protect,Forest_change,Species_survival,CPI,Gov_efficien,Homicides,Prison_pop,Property_rights,Safe_night,Regist_birth,Risk_masskill_2018,Masskill_ongo,Masskill_ever,GDPpc_growth,Minority_rule,Ethnic_fract,Battle_deaths,Pol_cand_restr,Party_ban,Relig_freeMK,Polkill_apprvd,Freemv_M,Freemv_F,Free_discuss,Social_ineq,Soc_powerdist,Trade_openMK,Democ,Sexwrk_size,Sexwrk_HIV,Sexwrk_condom,Sexwrk_Syphilis,AIDS_death_2016,AIDS_death_2018,AIDS_Orph_2016,AIDS_Orph_2018,Physrights_indx_2011,Extrajud_kill_2011,Pol_impris_2011,Torture_2011,Polrights_indx_2011,Free_assem_2011,Freemv_foreign_2011,Freemv_dom_2011,Free_speech_2011,Free_polit_2011,Relig_freeCIRI_2011,Work_rightCIRI_2011,Econ_right_F_2011,Pol_right_F_2011,Indep_judic_2011,Rape_prev_2018,Rape_report_2015,Rape_enclave_2015,Rape_compl_2018,Phys_secF_2014,Phys_secF_2019,Gender_equal_2015,Hum_traff_2019
Afghanistan,2018,ASIA,38.57,1,55.92,0.48,0.24,570,1,1,0,0,0,0,0,5.0,2.22,36.5,,2.02060008,40.9,26.79999924,9.5,50,396,35.5,3.575000048,189.0,91.09999847,66,46.99005082,,9.27439,57.50915751,22.61208577,,27.70000076,31.04,31.89999962,55.29999924,,43.0,14.86678,-3.583961063,0.802081543,10.30000019,9.58131218,,6.39,,27.81999969,31.2483802,0.0,0.12,0.425262094,,,,,,6.25,0.862703096,0.835789313,11.0,,6.5,76,,33.71611619,37.4,0.134,1,1,0.014738921,1,0.77,7.928766322,1,4,2,0,0,0,0.566546682,0,1,-2.359147778,0,12500.0,0.3,51.5,0.4,500.0,500.0,4700.0,5400.0,4,0,2,0,4,1,0,0,1,1,0,1,0,2,0,4.0,4.0,2.0,17.0,4.0,4.0,2.0,3.0
Argentina,2018,AMERICAS,63.02,1,26.12,0.59,0.61,11970,0,0,0,1,0,0,0,2.0,0.13,66.82,0.0,4.554999828,8.2,5.0,1.2,67,52,6.3,6.573999882,24.0,12.5,94,99.23841,95.38,17.94733,24.84076433,100.1055966,65.84022072,36.59999847,4.302,96.40000153,99.09999847,1.309626437,99.80000305,95.0,-1.071438309,59.44995441,4.400000095,6.666788101,2.98526772,64.7,32.1,44.49000168,98.0915359,11.746875,0.05,4.562048435,85.89,62.36,17.64705882,42.0,49.36,14.70588235,12.58582158,0.861084394,32.0,2.336128838,5.5,147,2.876021471,42.9296057,99.5,0.005612,0,1,0.016885522,0,0.26,0.0,1,4,4,0,1,1,0.954938645,0,0,-3.221412266,1,74900.0,5.4,96.3,,1700.0,1700.0,30000.0,31000.0,5,1,2,0,12,2,2,2,1,2,2,1,2,3,1,1.0,4.0,0.0,9.0,3.0,2.0,4.0,1.0
Armenia,2018,RUSSIA AND EURASIA,67.09,1,75.92,3.21,0.23,3770,0,0,0,0,0,0,1,3.0,0.34,65.41,2.440000057,3.026299953,20.8,5.800000191,4.2,62,25,7.4,4.349999905,45.0,14.10000038,93,99.80728398,84.11982,12.31785,59.04761905,99.63235294,76.78571316,10.69999981,37.86,89.5,100.0,0.675324675,100.0,81.48745,-0.195630491,58.26582913,3.900000095,16.29862022,4.313498436,46.3,31.0,31.29999924,99.6666829,22.58527273,0.05,1.671656966,,,,,,10.52631579,0.593045017,0.841605994,35.0,3.401135002,1.8,164,3.958414994,83.95189751,99.6,0.005065,0,0,0.053966503,1,0.13,0.0,1,4,3,0,1,1,0.87283978,0,0,-1.867682537,0,4600.0,0.6,99.1,14.3,200.0,200.0,,,4,1,1,0,6,1,1,1,1,1,0,1,1,2,0,0.0,3.0,0.0,9.0,4.0,3.0,0.0,3.0
Bangladesh,2016,ASIA,45.54,0,37.95,1.05,0.16,1330,1,1,0,0,0,0,0,4.0,0.95,44.42,43.65000153,4.405799866,36.1,16.39999962,14.3,61,176,23.3,4.693999767,227.0,37.59999847,89,79.93943,91.54676,9.97506,25.67324955,81.65137615,43.63636364,20.0,2.923,60.59999847,86.90000153,1.124528302,59.59999847,9.2603,-0.548201313,9.236862234,12.80000019,4.443553925,2.847684598,9.6,1.9,32.11999893,32.330873,0.0,0.26,0.372017175,90.97,50.04,33.33333333,2.0,2.36,10.52631579,3.5269607,0.768760392,25.0,2.852616337,2.7,42,3.458802616,80.26233449,30.5,0.04727,0,1,0.052240526,1,0.05,3.871201011,1,4,2,0,1,0,0.541175821,0,1,-2.852129745,0,140000.0,0.2,66.7,2.1,500.0,1000.0,3800.0,4500.0,2,0,1,0,7,1,2,1,1,1,1,0,1,2,0,1.0,4.0,1.0,12.0,4.0,4.0,4.0,3.0
Bolivia,2016,AMERICAS,57.74,1,56.4,1.54,0.4,3070,0,0,0,1,0,0,0,2.0,0.44,57.47,7.699999809,1.937999964,18.1,15.89999962,1.6,59,206,19.6,5.889999866,120.0,38.40000153,94,98.99588481,81.60256,13.15285,49.60835509,84.78139777,75.54479743,53.09999847,0.3638,50.29999924,90.0,2.135802469,90.5,70.97138,-1.097021609,34.711929,26.39999962,3.637384653,3.308116452,39.02,13.9,56.29000092,96.1371649,11.29666667,0.11,1.599498987,,,,,,26.78571429,5.260436717,0.868153632,34.0,3.185075937,12.1,140,3.439012321,43.89882727,75.8,0.004741,0,0,0.027533603,0,0.74,0.0,1,4,4,0,1,1,0.786002046,0,1,-2.344236351,1,13500.0,4.3,88.9,4.8,1000.0,1000.0,20000.0,19000.0,5,1,1,1,11,1,2,2,1,2,2,1,1,3,0,3.0,3.0,0.0,10.0,3.0,3.0,0.0,3.0
Botswana,2016,SUBSAHARAN AFRICA,56.22,0,97.13,0.83,0.58,6750,0,0,1,0,0,0,0,2.0,0.52,58.42,18.23999977,0.398299992,31.4,24.10000038,7.2,54,129,21.9,4.331999779,385.0,43.59999847,95,96.0374,90.33255,12.49301,25.04684572,95.80573951,79.78883724,9.5,1.585,63.40000153,96.19999695,6.111111111,53.24000168,62.59297,0.103665291,30.28354068,9.0,18.60749626,3.800518193,18.5,74.1,,96.4783516,0.95,0.05,2.323344946,,,,,,36.36363636,2.457037562,0.978611544,63.0,4.087369334,18.4,205,4.892110668,40.31296397,72.2,0.002861,0,0,0.012848547,0,0.41,0.0,0,4,3,0,1,1,0.926796377,0,0,-1.767393042,1,6700.0,42.2,75.7,9.4,5200.0,4800.0,75000.0,65000.0,7,1,2,2,10,2,1,2,1,2,2,0,2,2,2,4.0,3.0,0.0,12.0,4.0,3.0,3.0,2.0
Botswana,2018,SUBSAHARAN AFRICA,56.52,0,97.13,0.83,0.58,6750,0,0,1,0,0,0,0,2.0,0.36,58.42,18.23999977,0.398299992,31.4,24.10000038,7.2,54,129,21.9,4.331999779,385.0,43.59999847,95,96.0374,90.33255,12.49301,25.04684572,95.80573951,79.78883724,9.5,1.585,63.40000153,96.19999695,6.111111111,53.24000168,62.59297,0.103665291,30.28354068,9.0,18.60749626,3.800518193,18.5,74.1,,96.4783516,0.95,0.05,2.323344946,,,,,,36.36363636,2.457037562,0.978611544,63.0,4.087369334,18.4,205,4.892110668,40.31296397,72.2,0.002861,0,0,0.012848547,0,0.41,0.0,0,4,3,0,1,1,0.926796377,0,0,-1.767393042,1,6700.0,42.2,75.7,9.4,5200.0,4800.0,75000.0,65000.0,7,1,2,2,10,2,1,2,1,2,2,0,2,2,2,4.0,3.0,0.0,12.0,4.0,3.0,3.0,2.0
Brazil,2016,AMERICAS,59.64,1,24.57,4.34,0.57,8840,0,0,0,1,0,0,0,3.5,0.08,64.44,4.869999886,4.640500069,7.1,5.0,1.6,65,44,8.9,6.982999802,44.0,16.39999962,93,98.61661576,87.21,15.19340264,13.19181198,104.8639186,73.926385,9.899999619,0.8648,82.80000305,98.09999847,0.793266702,99.5,94.44256,-3.010705188,129.2533223,7.5,7.167889595,2.872005916,57.6,51.5,54.68999863,97.6826912,10.86877778,0.06,2.191393614,87.04,60.11,36.84210526,64.0,17.86980371,23.86831276,7.383987156,0.898994426,38.0,2.496853694,25.2,274,3.914332391,39.51743842,92.8,0.008038,0,0,0.001785934,0,0.54,0.0,1,4,4,0,1,1,0.873850601,0,0,-3.260456056,1,1401600.0,5.3,90.09,8.4,16000.0,15000.0,,,2,0,1,0,12,2,2,2,1,2,2,1,1,2,1,2.0,3.0,1.0,11.0,3.0,3.0,3.0,2.0
Cambodia,2016,ASIA,57.89,0,126.95,11.43,0.11,1140,0,1,0,0,0,0,0,2.5,1.65,44.37,6.150000095,3.028800011,32.4,14.19999981,9.6,62,161,14.8,3.819000006,390.0,28.70000076,94,87.13245796,98.38292,10.90489,42.36926361,58.84543762,87.71139316,20.29999924,0.4587,42.40000153,75.5,2.888888889,31.10000038,10.61382,-0.250030714,10.70651108,18.29999924,0.502257824,3.36078998,9.0,9.6,36.02999878,75.2648798,0.0,0.38,0.308073163,80.14,63.73,0.0,7.0,,6.666666667,18.00471269,0.825454102,21.0,2.926579304,6.5,106,3.574995713,45.39793838,62.1,0.009232,0,1,0.048485421,1,0.21,0.0,1,3,3,0,1,1,0.254533242,0,1,-1.497910185,0,34000.0,2.3,88.8,0.6,1500.0,1300.0,40000.0,36000.0,4,1,1,0,9,1,2,1,1,2,2,0,1,2,0,1.0,3.0,0.0,11.0,4.0,3.0,0.0,3.0
Cambodia,2018,ASIA,56.67,0,126.95,11.43,0.11,1140,0,1,0,0,0,0,0,2.5,1.68,44.37,6.150000095,3.028800011,32.4,14.19999981,9.6,62,161,14.8,3.819000006,390.0,28.70000076,94,87.13245796,98.38292,10.90489,42.36926361,58.84543762,87.71139316,20.29999924,0.4587,42.40000153,75.5,2.888888889,31.10000038,10.61382,-0.250030714,10.70651108,18.29999924,0.502257824,3.36078998,9.0,9.6,36.02999878,75.2648798,0.0,0.38,0.308073163,80.14,63.73,0.0,7.0,,6.666666667,18.00471269,0.825454102,21.0,2.926579304,6.5,106,3.574995713,45.39793838,62.1,0.009232,0,1,0.048485421,1,0.21,0.0,1,3,3,0,1,1,0.254533242,0,1,-1.497910185,0,34000.0,2.3,88.8,0.6,1500.0,1300.0,40000.0,36000.0,4,1,1,0,9,1,2,1,1,2,2,0,1,2,0,1.0,3.0,0.0,11.0,4.0,3.0,0.0,3.0
Cameroon,2018,SUBSAHARAN AFRICA,48.08,0,42.0,2.06,0.17,1400,1,0,1,0,0,0,0,3.5,0.69,46.33,29.27000046,1.622799993,32.6,9.899999619,5.8,49,596,25.7,4.251999855,220.0,87.90000153,80,80.57444119,94.86986,10.39801,66.29834254,78.89221557,86.63967378,31.10000038,0.3414,45.79999924,75.59999847,0.867647059,53.70000076,24.57469,-3.036843529,3.521575584,47.0,4.576217651,3.075233805,11.0,0.0,38.90999985,27.6968957,0.0,0.06,0.268091798,79.2,62.05,,53.0,,25.0,2.087985426,0.834693637,27.0,3.447462648,7.6,119,3.930214739,49.83975354,61.4,0.04124,0,0,0.019390301,0,0.86,4.158883083,0,4,4,0,0,0,0.608581717,0,1,-2.80369012,0,70500.0,24.3,96.0,8.2,24000.0,18000.0,400000.0,410000.0,3,1,0,0,5,0,0,1,1,1,2,0,0,2,0,1.0,3.0,2.0,13.0,4.0,4.0,1.0,3.0
Chile,2016,AMERICAS,77.13,1,55.51,4.95,0.76,13540,0,0,0,1,0,0,0,2.0,0.15,67.18,0.0,6.128399849,1.8,5.0,0.3,70,22,4.9,6.670000076,16.0,8.100000381,92,98.87237876,92.00254,15.24619,21.66771952,97.81160444,67.59776893,15.80000019,3.831,99.09999847,99.0,1.121751026,99.59999847,93.63791,0.054835292,56.57921082,6.599999905,6.355420589,4.572903181,72.35,35.6,52.06000137,99.6660509,68.84842939,0.04,4.616445541,86.27,70.03,5.769230769,75.0,63.52,7.627118644,7.402095573,0.766355227,70.0,4.148466375,3.1,266,5.076214224,50.24167739,99.4,0.00278,0,1,0.00589565,0,0.19,0.0,1,4,4,0,1,1,0.97116235,0,1,-2.363491025,1,,0.0,97.0,1.3,,1000.0,6000.0,6700.0,5,1,2,0,12,1,2,2,2,2,2,1,1,2,2,2.0,4.0,1.0,10.0,3.0,2.0,3.0,1.0
Chile,2018,AMERICAS,74.14,1,55.51,4.95,0.76,13540,0,0,0,1,0,0,0,2.0,0.08,67.18,0.0,6.128399849,1.8,5.0,0.3,70,22,4.9,6.670000076,16.0,8.100000381,92,98.87237876,92.00254,15.24619,21.66771952,97.81160444,67.59776893,15.80000019,3.831,99.09999847,99.0,1.121751026,99.59999847,93.63791,0.054835292,56.57921082,6.599999905,6.355420589,4.572903181,72.35,35.6,52.06000137,99.6660509,68.84842939,0.04,4.616445541,86.27,70.03,5.769230769,75.0,63.52,7.627118644,7.402095573,0.766355227,70.0,4.148466375,3.1,266,5.076214224,50.24167739,99.4,0.00278,0,1,0.00589565,0,0.19,0.0,1,4,4,0,1,1,0.97116235,0,1,-2.363491025,1,,0.0,97.0,1.3,,1000.0,6000.0,6700.0,5,1,2,0,12,1,2,2,2,2,2,1,1,2,2,2.0,4.0,1.0,10.0,3.0,2.0,3.0,1.0
Colombia,2018,AMERICAS,61.68,1,36.47,4.94,0.52,6310,1,0,0,1,0,0,0,3.0,0.27,57.21,6.119999886,3.290499926,12.7,8.800000191,0.9,67,64,8.5,6.477000237,33.0,15.89999962,90,98.2393694,87.72414,13.54554,16.96869852,101.0762542,71.0784327,19.89999962,0.4987,81.09999847,91.40000153,1.055641422,97.0,85.72544,-0.123326822,40.56807911,9.699999809,9.952443123,3.16652782,52.57,25.0,55.90999985,94.0691931,4.6,0.06,1.560629129,71.21,46.12,11.11111111,28.0,60.32339702,8.219178082,3.451527247,0.739911716,37.0,3.039393647,30.8,245,4.052664113,46.76623738,96.5,0.006496,0,1,0.008120518,0,0.6,0.0,1,4,4,0,1,1,0.72524766,0,1,-2.865749495,1,244400.0,1.2,98.3,1.5,,,62000.0,55000.0,1,0,0,1,10,1,1,2,1,2,2,1,1,2,1,2.0,4.0,2.0,13.0,4.0,4.0,2.0,1.0
Czech Republic,2018,EUROPE,83.41,1,151.6,5.56,0.78,17540,0,0,0,0,1,0,0,1.0,0.13,76.73,0.0,6.219900131,2.6,1.169999957,4.6,69,4,1.8,6.505000114,4.6,3.400000095,99,,98.61911815,16.39,18.24134705,96.99274552,74.63343666,20.0,14.0,99.09999847,100.0,1.172853828,100.0,95.0,-0.936870259,49.79900876,0.0,5.173547745,4.856403036,79.71,52.3,25.60000038,100.0,75.68236485,0.02,10.43108845,,,,,,45.0,5.951279189,0.969802354,56.0,3.681881098,1.0,154,4.41240706,70.12103799,100.0,0.002083,0,0,0.028284423,0,0.32,0.0,1,4,3,0,1,1,0.964245077,0,0,-1.289539553,1,13000.0,0.0,,0.7,,,,,8,2,2,2,11,1,2,2,1,2,2,1,2,2,2,1.0,3.0,0.0,8.0,3.0,2.0,3.0,1.0
Democratic Republic of the Congo,2018,SUBSAHARAN AFRICA,41.14,1,59.59,2.35,0.12,430,1,0,1,0,0,0,0,5.0,1.37,31.29,77.18000031,0.762799978,42.6,,8.1,44,693,30.1,4.517000198,325.0,98.30000305,77,65.77652815,,9.75,82.89652495,57.75193798,,8.899999619,0.0533,28.70000076,52.40000153,0.302325581,16.39999962,7.04098,-3.220473195,1.143968098,38.40000153,3.826145887,,3.0,,44.43000031,16.9924778,0.0,0.07,0.050302688,67.27,52.66,,30.0,,11.76470588,4.004038535,0.892812381,22.0,,28.3,33,,42.85749965,27.8,0.1377,1,1,0.023579567,1,0.87,3.80666249,1,4,3,1,0,0,0.312635087,0,1,-2.04402088,0,350300.0,5.7,69.0,,20000.0,13000.0,450000.0,410000.0,0,0,0,0,3,0,0,0,0,1,2,0,0,2,0,,,,,,,,
Egypt,2018,MIDDLE EAST AND NORTH AFRICA,60.87,0,30.02,2.44,0.17,3410,1,0,0,0,0,1,0,4.0,0.55,60.88,,7.162299633,22.3,5.0,9.5,62,33,12.8,4.193999767,15.0,24.0,93,89.28192062,95.10083,13.52824,19.70873786,70.83333333,31.19890891,2.0,126.6,94.69999695,99.40000153,1.098331347,100.0,95.0,-3.371234862,12.66749196,9.300000191,12.12278843,3.140830945,31.7,31.1,30.77000046,100.0,49.49813896,0.09,2.635115147,90.26,64.19,33.33333333,49.0,41.39212608,31.57894737,0.978653485,0.917231986,36.0,3.261799561,3.4,80,3.941932576,84.18171882,99.0,0.08709,0,1,0.027421738,1,0.18,3.891820298,1,3,2,1,0,0,0.188825027,1,1,-2.597126263,0,23000.0,2.8,13.9,,500.0,500.0,3200.0,4000.0,0,0,0,0,3,0,2,0,1,0,0,0,0,1,1,0.0,4.0,2.0,12.0,4.0,4.0,4.0,2.0
Ethiopia,2016,SUBSAHARAN AFRICA,43.67,0,35.51,5.46,0.12,660,1,0,1,0,0,0,0,4.5,0.41,43.06,33.54000092,2.325399876,40.4,32.0,8.7,56,353,27.7,4.512000084,207.0,59.20000076,70,54.98297726,85.4,8.5,41.7519909,40.44764992,86.83036203,38.79999924,4.556,28.0,57.29999924,0.977011494,26.56255913,5.0,1.442483978,0.463300214,27.39999962,5.450455666,3.163067127,2.9,4.8,33.59999847,56.1719314,0.0,0.27,0.083943114,,,,,,9.375,2.455088734,0.838737275,33.0,3.375877069,12.0,136,3.731384542,67.13529931,6.6,0.02332,1,1,0.075928468,0,0.72,0.0,1,3,3,0,1,0,0.474053211,0,1,-2.97600724,0,85000.0,24.3,98.4,,12000.0,11000.0,340000.0,290000.0,2,1,0,0,3,0,2,1,0,0,0,0,0,2,1,1.0,4.0,1.0,13.0,3.0,3.0,5.0,2.0
Ethiopia,2018,SUBSAHARAN AFRICA,42.51,0,35.51,5.46,0.12,660,1,0,1,0,0,0,0,4.5,0.61,43.06,33.54000092,2.325399876,40.4,32.0,8.7,56,353,27.7,4.512000084,207.0,59.20000076,70,54.98297726,85.4,8.5,41.7519909,40.44764992,86.83036203,38.79999924,4.556,28.0,57.29999924,0.977011494,26.56255913,5.0,1.442483978,0.463300214,27.39999962,5.450455666,3.163067127,2.9,4.8,33.59999847,56.1719314,0.0,0.27,0.083943114,,,,,,9.375,2.455088734,0.838737275,33.0,3.375877069,12.0,136,3.731384542,67.13529931,6.6,0.02332,1,1,0.075928468,0,0.72,0.0,1,3,3,0,1,0,0.474053211,0,1,-2.97600724,0,85000.0,24.3,98.4,,12000.0,11000.0,340000.0,290000.0,2,1,0,0,3,0,2,1,0,0,0,0,0,2,1,1.0,4.0,1.0,13.0,3.0,3.0,5.0,2.0
Georgia,2018,RUSSIA AND EURASIA,72.5,0,102.93,11.04,0.55,3830,0,0,0,0,0,0,1,2.0,0.23,63.28,11.48999977,2.007999897,11.3,7.400000095,1.6,65,36,7.2,4.296999931,106.0,11.89999962,91,99.80049,96.47341,13.79685,46.4037123,97.91467027,73.47994437,11.30000019,2.879,86.30000305,100.0,0.653465347,100.0,54.30392,1.952527031,58.26634535,18.39999962,12.25437546,4.232859802,48.9,16.4,42.09999847,96.1928409,0.0,0.06,2.046895742,92.91,63.21,,95.0,,0.0,0.283577837,0.861185618,52.0,4.052733487,4.3,225,4.339111221,72.97426465,99.6,0.003595,0,1,0.033859402,0,0.49,0.0,1,4,3,0,1,1,0.911023438,0,0,-1.609184953,1,6500.0,0.9,93.4,6.7,200.0,500.0,,,4,1,1,0,5,0,1,2,1,1,0,0,1,2,1,1.0,4.0,2.0,12.0,3.0,3.0,0.0,1.0
Ghana,2016,SUBSAHARAN AFRICA,61.03,1,89.34,8.14,0.55,1380,0,0,1,0,0,0,0,2.5,0.38,51.41,25.14999962,1.703400016,18.8,5.0,4.7,54,319,28.3,4.632999897,165.0,61.59999847,92,85.71614763,88.87639,11.50262,63.87035272,70.96290925,94.03893664,10.89999962,1.747,14.89999962,88.69999695,1.054263566,64.06256104,16.29211,-0.512605336,8.19539136,21.79999924,6.264291763,3.02630451,18.9,39.9,42.75999832,32.2204698,10.2483871,0.1,0.404379785,78.19,60.14,,80.0,45.76,67.5,8.863045372,0.845421123,47.0,3.773055774,6.1,54,4.178108799,78.2421008,62.5,0.006817,0,0,0.062022094,0,0.67,0.0,1,4,4,0,1,1,0.890102608,0,0,-1.841600562,1,51900.0,6.9,89.9,,14000.0,14000.0,220000.0,230000.0,4,1,1,0,11,2,2,2,1,1,2,1,1,2,1,1.0,3.0,0.0,9.0,4.0,3.0,2.0,2.0
Ghana,2018,SUBSAHARAN AFRICA,55.83,1,89.34,8.14,0.55,1380,0,0,1,0,0,0,0,2.5,0.48,51.41,25.14999962,1.703400016,18.8,5.0,4.7,54,319,28.3,4.632999897,165.0,61.59999847,92,85.71614763,88.87639,11.50262,63.87035272,70.96290925,94.03893664,10.89999962,1.747,14.89999962,88.69999695,1.054263566,64.06256104,16.29211,-0.512605336,8.19539136,21.79999924,6.264291763,3.02630451,18.9,39.9,42.75999832,32.2204698,10.2483871,0.1,0.404379785,78.19,60.14,,80.0,45.76,67.5,8.863045372,0.845421123,47.0,3.773055774,6.1,54,4.178108799,78.2421008,62.5,0.006817,0,0,0.062022094,0,0.67,0.0,1,4,4,0,1,1,0.890102608,0,0,-1.841600562,1,51900.0,6.9,89.9,,14000.0,14000.0,220000.0,230000.0,4,1,1,0,11,2,2,2,1,1,2,1,1,2,1,1.0,3.0,0.0,9.0,4.0,3.0,2.0,2.0
Guatemala,2016,AMERICAS,63.09,0,47.0,1.71,0.48,3790,0,0,0,1,0,0,0,2.5,0.84,50.01,11.52999973,2.117799997,48.0,15.60000038,1.1,62,88,13.4,6.123000145,57.0,29.10000038,67,93.6534708,85.50401,10.69,35.7696567,95.90235336,48.96719045,13.89999962,2.599,63.90000153,92.80000305,1.232323232,78.5,43.30219,-2.951825543,35.84024278,25.79999924,2.73955965,4.028380503,23.4,4.9,55.88999939,97.4101115,5.373,0.09,0.748055041,88.06,57.71,0.0,86.0,36.57,15.38461538,12.94212051,0.722600452,28.0,3.288690192,39.9,105,4.213645375,50.78171035,96.7,0.00581,0,1,0.016056946,1,0.51,0.0,1,4,4,0,1,1,0.784977124,1,1,-2.576493919,1,21300.0,1.0,97.4,0.3,2400.0,2200.0,44000.0,45000.0,5,1,2,0,11,2,2,2,1,2,2,0,1,2,0,1.0,4.0,1.0,11.0,4.0,4.0,2.0,2.0
Guatemala,2018,AMERICAS,63.17,0,47.0,1.71,0.48,3790,0,0,0,1,0,0,0,2.5,0.29,50.01,11.52999973,2.117799997,48.0,15.60000038,1.1,62,88,13.4,6.123000145,57.0,29.10000038,67,93.6534708,85.50401,10.69,35.7696567,95.90235336,48.96719045,13.89999962,2.599,63.90000153,92.80000305,1.232323232,78.5,43.30219,-2.951825543,35.84024278,25.79999924,2.73955965,4.028380503,23.4,4.9,55.88999939,97.4101115,5.373,0.09,0.748055041,88.06,57.71,0.0,86.0,36.57,15.38461538,12.94212051,0.722600452,28.0,3.288690192,39.9,105,4.213645375,50.78171035,96.7,0.00581,0,1,0.016056946,1,0.51,0.0,1,4,4,0,1,1,0.784977124,1,1,-2.576493919,1,21300.0,1.0,97.4,0.3,2400.0,2200.0,44000.0,45000.0,5,1,2,0,11,2,2,2,1,2,2,0,1,2,0,1.0,4.0,1.0,11.0,4.0,4.0,2.0,2.0
Haiti,2018,AMERICAS,47.33,0,73.34,1.32,0.31,780,0,0,0,1,0,0,0,2.5,0.55,34.4,53.90999985,1.144000053,21.9,53.40000153,5.2,52,359,25.4,4.518000126,200.0,69.0,48,72.34671832,77.2,8.67,52.51736111,75.53890259,85.61353943,4.199999809,10.33,27.60000038,57.70000076,2.0,37.90000153,9.14997,-4.645788024,,24.39999962,6.943852425,2.150333055,11.4,0.0,59.20999908,13.3082495,0.0,0.09,0.217962041,74.13,46.5,0.0,1.0,0.02,0.0,3.853095993,0.724139593,17.0,2.648886654,10.2,96,2.5688557,49.34561788,79.7,0.02849,0,1,0.00336316,1,0.1,0.0,1,4,3,0,0,1,0.784466123,0,1,-2.039857967,0,70300.0,8.7,89.1,,3600.0,2700.0,82000.0,73000.0,4,1,2,0,8,1,2,2,1,1,1,0,0,2,0,1.0,4.0,2.0,13.0,4.0,4.0,2.0,2.0
Honduras,2018,AMERICAS,61.71,0,100.49,5.3,0.33,2150,0,0,0,1,0,0,0,3.0,0.33,51.78,18.93000031,1.657800078,22.7,12.19999981,1.4,64,129,11.0,4.788000107,43.0,20.39999962,85,94.98095416,89.33168,11.10111,23.47908745,101.8612424,51.59500908,25.79999924,1.744,82.59999847,91.19999695,1.049382716,82.19999695,49.00905,-3.520095834,24.64045897,15.30000019,3.886053324,3.719312788,19.08,11.7,56.95000076,97.4323136,15.535,0.1,1.103745103,82.13,58.64,0.0,35.0,78.98,14.28571429,7.396416813,0.745330388,31.0,3.432064003,90.4,153,4.145053024,48.21651476,93.6,0.006729,0,0,0.032253358,1,0.19,0.0,1,4,4,0,1,0,0.815452084,0,1,-1.710592195,0,22800.0,2.0,72.9,8.9,1000.0,1000.0,33000.0,29000.0,3,1,1,0,9,1,2,1,1,2,2,0,1,2,0,1.0,4.0,2.0,11.0,4.0,4.0,2.0,2.0
Hungary,2016,EUROPE,83.13,1,168.99,55.49,0.57,12570,0,0,0,0,1,0,0,2.0,0.23,73.37,0.0,5.896999836,,1.169999957,,65,17,3.5,4.800000191,12.0,5.900000095,99,99.38648,90.81154,15.38815,17.34234234,92.47904209,75.12116131,10.10000038,4.857,98.0,100.0,1.303630363,100.0,95.0,-0.437266488,58.03842307,0.0,6.956402302,4.726036952,76.13,26.3,31.18000031,97.6744423,58.61916667,0.02,4.862989902,,,,,,22.22222222,6.590979021,0.928094205,51.0,2.902592433,1.3,186,3.449497759,53.19773334,100.0,0.002311,0,1,0.02588197,0,0.15,0.0,1,4,4,0,1,1,0.871682085,0,0,-1.152659028,1,,,,,100.0,100.0,,,6,2,2,0,11,1,2,2,1,2,2,1,1,2,2,1.0,2.0,0.0,7.0,3.0,2.0,0.0,3.0
Hungary,2018,EUROPE,84.2,1,168.99,55.49,0.57,12570,0,0,0,0,1,0,0,2.0,0.26,73.37,0.0,5.896999836,,1.169999957,,65,17,3.5,4.800000191,12.0,5.900000095,99,99.38648,90.81154,15.38815,17.34234234,92.47904209,75.12116131,10.10000038,4.857,98.0,100.0,1.303630363,100.0,95.0,-0.437266488,58.03842307,0.0,6.956402302,4.726036952,76.13,26.3,31.18000031,97.6744423,58.61916667,0.02,4.862989902,,,,,,22.22222222,6.590979021,0.928094205,51.0,2.902592433,1.3,186,3.449497759,53.19773334,100.0,0.002311,0,1,0.02588197,0,0.15,0.0,1,4,4,0,1,1,0.871682085,0,0,-1.152659028,1,,,,,100.0,100.0,,,6,2,2,0,11,1,2,2,1,2,2,1,1,2,2,1.0,2.0,0.0,7.0,3.0,2.0,0.0,3.0
India,2016,ASIA,61.18,1,40.35,1.95,0.47,1670,1,1,0,0,0,0,0,4.0,1.4,48.39,21.25,2.981100082,38.7,15.19999981,15.1,58,174,27.7,4.565000057,167.0,47.70000076,83,81.13085969,93.08864,11.69659,28.03250145,49.79020979,34.67741762,12.0,33.88,39.59999847,94.09999847,1.565647256,78.69999695,42.43333,0.181687605,18.07498434,11.80000019,3.480498314,3.960446753,18.0,3.2,33.90000153,53.7647421,10.48760328,0.25,1.662873507,85.57,51.27,4.166666667,49.0,23.59160362,5.535055351,2.664106567,0.686575009,38.0,3.992122169,3.5,30,3.764837477,68.92233283,83.6,0.03606,1,1,0.046961763,0,0.42,3.688879454,1,4,3,0,1,0,0.746606609,0,1,-2.701209077,1,657800.0,1.6,90.8,0.1,,,,,0,0,0,0,7,0,2,1,1,2,0,1,1,3,0,1.0,4.0,2.0,14.0,4.0,4.0,5.0,3.0
India,2018,ASIA,56.77,1,40.35,1.95,0.47,1670,1,1,0,0,0,0,0,4.0,0.61,48.39,21.25,2.981100082,38.7,15.19999981,15.1,58,174,27.7,4.565000057,167.0,47.70000076,83,81.13085969,93.08864,11.69659,28.03250145,49.79020979,34.67741762,12.0,33.88,39.59999847,94.09999847,1.565647256,78.69999695,42.43333,0.181687605,18.07498434,11.80000019,3.480498314,3.960446753,18.0,3.2,33.90000153,53.7647421,10.48760328,0.25,1.662873507,85.57,51.27,4.166666667,49.0,23.59160362,5.535055351,2.664106567,0.686575009,38.0,3.992122169,3.5,30,3.764837477,68.92233283,83.6,0.03606,1,1,0.046961763,0,0.42,3.688879454,1,4,3,0,1,0,0.746606609,0,1,-2.701209077,1,657800.0,1.6,90.8,0.1,,,,,0,0,0,0,7,0,2,1,1,2,0,1,1,3,0,1.0,4.0,2.0,14.0,4.0,4.0,5.0,3.0
Indonesia,2016,ASIA,62.97,0,37.44,0.49,0.48,3400,0,1,0,0,0,0,0,3.0,0.29,54.38,15.89999962,5.095499992,36.4,7.599999905,13.5,62,126,13.5,5.399000168,399.0,27.20000076,77,98.77800124,92.21828,12.98776,20.29580937,86.03949244,,17.10000038,5.612,60.79999924,87.40000153,1.969387755,96.0,45.29918,0.110376791,49.62922175,6.900000095,5.825447083,3.816054923,17.14,24.2,38.1407547,32.5251242,0.0175,0.08,2.303781033,76.43,50.15,12.78195489,85.0,22.00295678,3.553299492,11.49730216,0.767806212,36.0,3.922269861,0.6,59,4.316818563,78.99058221,66.6,0.01329,0,1,0.034511952,0,0.74,0.0,0,4,3,0,1,0,0.793592389,0,1,-2.730776593,1,226800.0,5.3,67.8,3.2,38000.0,38000.0,250000.0,310000.0,3,1,0,0,5,0,2,1,1,1,0,0,1,2,0,0.0,4.0,1.0,11.0,4.0,3.0,5.0,2.0
Indonesia,2018,ASIA,62.04,0,37.44,0.49,0.48,3400,0,1,0,0,0,0,0,3.0,0.47,54.38,15.89999962,5.095499992,36.4,7.599999905,13.5,62,126,13.5,5.399000168,399.0,27.20000076,77,98.77800124,92.21828,12.98776,20.29580937,86.03949244,,17.10000038,5.612,60.79999924,87.40000153,1.969387755,96.0,45.29918,0.110376791,49.62922175,6.900000095,5.825447083,3.816054923,17.14,24.2,38.1407547,32.5251242,0.0175,0.08,2.303781033,76.43,50.15,12.78195489,85.0,22.00295678,3.553299492,11.49730216,0.767806212,36.0,3.922269861,0.6,59,4.316818563,78.99058221,66.6,0.01329,0,1,0.034511952,0,0.74,0.0,0,4,3,0,1,0,0.793592389,0,1,-2.730776593,1,226800.0,5.3,67.8,3.2,38000.0,38000.0,250000.0,310000.0,3,1,0,0,5,0,2,1,1,1,0,0,1,2,0,0.0,4.0,1.0,11.0,4.0,3.0,5.0,2.0
Jordan,2018,MIDDLE EAST AND NORTH AFRICA,74.31,0,91.32,4.02,0.23,3920,1,0,0,0,0,1,0,3.0,0.19,62.73,0.129999995,1.45539999,7.8,5.0,2.4,64,58,10.6,5.191999912,5.5,17.89999962,98,99.10572011,97.11111,13.50864,42.0206659,88.40005487,21.85430377,12.0,92.44,98.59999847,96.90000153,1.317919075,99.5,95.0,-3.005986017,32.49915078,1.600000024,12.84935284,4.431583113,44.0,16.1,35.43000031,93.2070387,42.30464831,0.05,3.601147175,83.0,60.14,,5.0,,0.0,0.235717328,0.956006197,53.0,4.158718249,2.0,95,4.829946672,80.29799352,99.1,0.01141,0,1,0.009735802,0,0.59,0.0,1,4,2,0,1,0,0.728765238,0,1,-1.581440911,0,,0.5,,,100.0,100.0,,,3,1,1,0,2,0,2,0,0,0,0,0,0,2,1,1.0,4.0,1.0,11.0,4.0,4.0,4.0,2.0
Latvia,2018,EUROPE,75.42,1,119.19,0.88,0.74,14570,0,0,0,0,1,0,0,1.0,0.2,72.49,0.0,3.486000061,,1.169999957,,65,18,5.2,5.09800005,49.0,7.900000095,92,99.83543131,96.49659,15.24266,24.6260069,105.1894505,80.30075417,18.0,1.146,87.80000305,99.30000305,1.112903226,100.0,94.77204,2.259211356,63.20170456,0.0,9.812847137,4.844122062,75.83,62.1,34.81000137,96.9621167,49.625,0.1,3.786801338,90.73,83.28,75.0,77.0,,50.76923077,13.17843089,0.987943851,55.0,3.456399357,4.7,304,4.718664281,61.60385342,100.0,0.001674,0,0,0.030366065,0,0.59,0.0,1,4,4,0,1,1,0.963538266,0,0,-1.52074125,1,,,85.47,,200.0,100.0,,,6,2,1,1,10,1,2,2,1,1,2,1,1,2,1,1.0,2.0,0.0,7.0,3.0,2.0,2.0,2.0
Lebanon,2018,MIDDLE EAST AND NORTH AFRICA,65.11,0,72.61,5.18,0.32,7980,0,0,0,0,0,1,0,2.5,0.17,57.99,,3.38380003,16.5,5.0,6.6,70,15,4.8,4.839000225,16.0,8.300000191,79,98.71478885,93.44093,13.7537,46.36174636,92.43658584,,3.099999905,24.34,80.69999695,99.0,1.131868132,100.0,95.0,-2.049340044,44.33682606,1.899999976,7.058224678,2.356060701,74.7,41.8,,77.1184695,15.08356164,0.06,4.66831255,88.77,64.43,0.0,47.0,,0.0,4.177742024,0.916591604,28.0,2.686931697,2.2,118,4.065689465,60.47004687,99.5,0.004615,0,0,0.010142187,0,0.13,4.262679877,1,4,4,0,1,0,0.739449053,0,1,-2.118915902,1,4300.0,0.0,79.2,1.2,100.0,100.0,,,3,1,1,0,6,1,1,1,1,1,1,0,0,1,0,1.0,3.0,1.0,12.0,4.0,3.0,4.0,2.0
Malawi,2018,SUBSAHARAN AFRICA,46.24,1,77.91,5.99,0.4,320,0,0,1,0,0,0,0,2.5,0.75,39.77,70.91000366,2.187799931,42.4,20.70000076,3.8,51,634,21.8,4.291999817,227.0,64.0,85,72.13956438,96.90134,10.75378,27.53623188,65.70881226,98.93475974,16.70000076,7.853,41.0,90.19999695,,9.800000191,5.0,-5.928134039,4.852664356,39.29999924,6.74263525,2.753386842,5.83,3.9,43.90999985,33.2039737,0.0,0.42,0.079231486,,,,,,60.0,7.00469593,0.80521062,31.0,3.245054544,1.8,76,4.156118965,39.48372172,2.3,0.004873,0,1,0.025972512,0,0.67,0.0,0,4,4,0,1,0,0.693641386,0,1,-2.192473833,1,36400.0,55.0,65.0,6.0,14000.0,13000.0,560000.0,500000.0,5,1,1,1,10,1,2,2,1,1,2,1,1,2,2,4.0,3.0,2.0,14.0,3.0,4.0,2.0,3.0
Mauritania,2016,SUBSAHARAN AFRICA,50.6,1,100.53,5.72,0.16,1130,0,0,1,0,0,0,0,3.0,1.06,39.6,10.90999985,1.205900073,22.0,5.599999905,11.6,54,602,35.7,4.43599987,111.0,84.69999695,84,56.12243472,73.07767,8.50027,72.35041064,56.54885655,45.07042027,25.20000076,11.82,40.0,57.90000153,,21.76255989,42.02726,-2.614189164,7.725474229,14.60000038,31.08639717,2.402306106,10.7,5.4,40.45999908,40.3669041,0.0,0.25,0.627225459,89.81,75.39,33.33333333,64.0,9.61,10.0,100.7343376,0.97692356,31.0,2.653240592,5.0,45,2.479041752,44.92884214,58.8,0.01049,0,0,0.021973092,1,0.62,0.0,1,3,0,0,1,0,0.635877504,0,1,-1.641116488,0,300.0,4.0,87.56,,500.0,500.0,8100.0,8200.0,2,1,0,0,5,1,0,2,0,1,0,1,1,2,0,3.0,4.0,0.0,11.0,4.0,4.0,5.0,4.0
Mauritania,2018,SUBSAHARAN AFRICA,51.1,1,100.53,5.72,0.16,1130,0,0,1,0,0,0,0,3.0,2.15,39.6,10.90999985,1.205900073,22.0,5.599999905,11.6,54,602,35.7,4.43599987,111.0,84.69999695,84,56.12243472,73.07767,8.50027,72.35041064,56.54885655,45.07042027,25.20000076,11.82,40.0,57.90000153,,21.76255989,42.02726,-2.614189164,7.725474229,14.60000038,31.08639717,2.402306106,10.7,5.4,40.45999908,40.3669041,0.0,0.25,0.627225459,89.81,75.39,33.33333333,64.0,9.61,10.0,100.7343376,0.97692356,31.0,2.653240592,5.0,45,2.479041752,44.92884214,58.8,0.01049,0,0,0.021973092,1,0.62,0.0,1,3,0,0,1,0,0.635877504,0,1,-1.641116488,0,300.0,4.0,87.56,,500.0,500.0,8100.0,8200.0,2,1,0,0,5,1,0,2,0,1,0,1,1,2,0,3.0,4.0,0.0,11.0,4.0,4.0,5.0,4.0
Mexico,2016,AMERICAS,71.49,1,76.22,3.29,0.48,9040,0,0,0,1,0,0,0,3.0,0.3,63.37,2.680000067,3.581799984,13.6,5.0,1.6,67,38,7.0,7.186999798,21.0,13.19999981,87,98.8754158,96.06227,13.06026,18.96758703,93.16639379,55.37084517,42.40000153,17.21,85.19999695,96.09999847,1.520700101,99.09999847,86.13372,-1.580841018,48.99324553,4.199999809,4.299540043,4.117168927,44.39,13.5,47.15999985,95.8538954,37.4474987,0.04,3.876107693,82.07,69.36,58.33333333,50.0,24.72252393,16.47058824,4.865373586,0.680894024,35.0,3.109504047,21.5,210,4.001749463,39.88289365,93.4,0.007194,0,0,0.010268189,1,0.54,0.0,1,4,4,0,1,1,0.851085955,0,0,-2.008470836,1,241000.0,1.04,84.4,1.6,,,91000.0,80000.0,2,1,1,0,10,2,2,2,1,1,1,1,2,2,0,2.0,4.0,1.0,11.0,4.0,4.0,0.0,2.0
Mexico,2018,AMERICAS,70.46,1,76.22,3.29,0.48,9040,0,0,0,1,0,0,0,3.0,0.27,63.37,2.680000067,3.581799984,13.6,5.0,1.6,67,38,7.0,7.186999798,21.0,13.19999981,87,98.8754158,96.06227,13.06026,18.96758703,93.16639379,55.37084517,42.40000153,17.21,85.19999695,96.09999847,1.520700101,99.09999847,86.13372,-1.580841018,48.99324553,4.199999809,4.299540043,4.117168927,44.39,13.5,47.15999985,95.8538954,37.4474987,0.04,3.876107693,82.07,69.36,58.33333333,50.0,24.72252393,16.47058824,4.865373586,0.680894024,35.0,3.109504047,21.5,210,4.001749463,39.88289365,93.4,0.007194,0,0,0.010268189,1,0.54,0.0,1,4,4,0,1,1,0.851085955,0,0,-2.008470836,1,241000.0,1.04,84.4,1.6,,,91000.0,80000.0,2,1,1,0,10,2,2,2,1,1,1,1,2,2,0,2.0,4.0,1.0,11.0,4.0,4.0,0.0,2.0
Mongolia,2018,ASIA,64.09,1,95.64,-37.17,0.51,3590,0,1,0,0,0,0,0,2.5,1.24,58.06,0.379999995,1.646800041,10.8,20.5,1.0,60,44,11.1,4.874000072,170.0,22.39999962,98,98.46024575,94.74501,14.59402,28.57142857,105.7713651,82.67254111,14.5,1.583,59.70000076,64.40000153,3.74,89.76255798,27.57677,4.455996993,58.77598649,15.19999981,7.071959496,3.266249979,27.0,18.2,36.52000046,33.0325894,19.8,0.12,6.915146351,,,,,,16.17647059,9.440664587,0.945557308,39.0,3.202003665,9.7,287,3.67840277,51.94756952,99.0,0.001866,0,0,0.041046161,0,0.37,0.0,1,4,4,0,1,1,0.959349734,0,1,-1.571681116,1,1300.0,0.0,84.3,24.5,100.0,100.0,,,6,2,2,0,11,2,2,2,1,2,1,1,2,2,1,1.0,3.0,0.0,9.0,3.0,3.0,0.0,2.0
Morocco,2018,MIDDLE EAST AND NORTH AFRICA,67.01,1,80.42,2.24,0.25,2850,0,0,0,0,0,1,0,2.5,0.24,61.62,3.119999886,1.454400063,14.9,5.0,2.3,61,121,17.6,5.013000011,106.0,27.60000038,99,81.51006786,98.27114,11.56266,25.39414414,60.60037523,34.80663015,17.0,35.69,76.69999695,85.40000153,1.802867384,100.0,95.0,-1.353223129,25.82532288,8.300000191,9.607040405,4.356321316,56.8,15.0,40.88000107,91.0071916,39.39325,0.09,1.737915516,83.79,68.17,6.666666667,79.0,4.839853773,14.5631068,4.389160928,0.887012386,36.0,3.743168046,2.2,220,4.690334964,66.35722986,94.0,0.01236,0,0,0.026772103,0,0.48,0.0,1,4,2,0,1,0,0.744320042,0,1,-1.930014036,0,72000.0,1.3,52.3,,500.0,500.0,7500.0,7500.0,3,1,0,1,5,0,2,1,1,0,0,1,1,2,0,1.0,4.0,1.0,12.0,4.0,4.0,4.0,2.0
Myanmar,2016,ASIA,43.57,1,39.06,5.18,0.27,1190,1,1,0,0,0,0,0,5.0,0.96,44.5,,3.706600189,35.1,14.19999981,7.9,57,178,26.4,4.30700016,369.0,50.0,75,96.02813,86.37,8.627,28.65168539,112.1372032,,12.69999981,2.845,79.59999847,80.59999847,1.117647059,52.36256027,8.29852,1.377538688,1.556402344,,4.681823254,2.41677427,2.1,1.0,,18.6261398,0.0,0.2,0.200285211,82.42,58.6,0.0,2.0,13.57,17.24137931,4.736620723,0.811821065,22.0,2.805820634,15.2,120,3.045765703,79.17448593,72.4,0.03523,1,1,0.044919091,0,0.51,5.976350909,1,4,2,0,0,0,0.644491209,1,1,-2.743628512,1,66000.0,5.6,81.1,14.4,9000.0,7800.0,120000.0,120000.0,1,0,0,0,0,0,0,0,0,0,0,0,1,1,0,,,,,,,,
Myanmar,2018,ASIA,39.8,1,39.06,5.18,0.27,1190,1,1,0,0,0,0,0,5.0,1.1,44.5,,3.706600189,35.1,14.19999981,7.9,57,178,26.4,4.30700016,369.0,50.0,75,96.02813,86.37,8.627,28.65168539,112.1372032,,12.69999981,2.845,79.59999847,80.59999847,1.117647059,52.36256027,8.29852,1.377538688,1.556402344,,4.681823254,2.41677427,2.1,1.0,,18.6261398,0.0,0.2,0.200285211,82.42,58.6,0.0,2.0,13.57,17.24137931,4.736620723,0.811821065,22.0,2.805820634,15.2,120,3.045765703,79.17448593,72.4,0.03523,1,1,0.044919091,0,0.51,5.976350909,1,4,2,0,0,0,0.644491209,1,1,-2.743628512,1,66000.0,5.6,81.1,14.4,9000.0,7800.0,120000.0,120000.0,1,0,0,0,0,0,0,0,0,0,0,0,1,1,0,,,,,,,,
Nepal,2016,ASIA,47.55,1,48.88,0.5,0.45,730,0,1,0,0,0,0,0,3.0,0.82,51.53,14.94999981,2.747900009,37.4,7.800000191,11.3,59,258,22.2,4.513999939,158.0,35.79999924,88,82.35368674,98.47754,12.35305,37.06140351,50.56179775,90.53738479,29.5,4.518,45.79999924,91.59999847,1.416666667,76.30000305,18.0367,-3.055097207,8.875449877,37.40000153,3.05477643,2.740929864,15.44,10.9,32.81999969,49.8612386,0.0,0.1,0.159474447,,,,,,3.703703704,0.746066765,0.824344677,27.0,3.04307165,2.9,48,3.728963096,60.46221706,42.3,0.01344,0,1,0.053961723,0,0.66,0.0,1,4,3,0,1,0,0.779922065,0,0,-2.441723069,1,67300.0,4.2,88.2,2.0,1100.0,1000.0,26000.0,26000.0,4,1,1,0,8,0,2,2,1,1,1,1,1,3,1,0.0,4.0,0.0,9.0,3.0,3.0,1.0,2.0
Nepal,2018,ASIA,45.59,1,48.88,0.5,0.45,730,0,1,0,0,0,0,0,3.0,0.6,51.53,14.94999981,2.747900009,37.4,7.800000191,11.3,59,258,22.2,4.513999939,158.0,35.79999924,88,82.35368674,98.47754,12.35305,37.06140351,50.56179775,90.53738479,29.5,4.518,45.79999924,91.59999847,1.416666667,76.30000305,18.0367,-3.055097207,8.875449877,37.40000153,3.05477643,2.740929864,15.44,10.9,32.81999969,49.8612386,0.0,0.1,0.159474447,,,,,,3.703703704,0.746066765,0.824344677,27.0,3.04307165,2.9,48,3.728963096,60.46221706,42.3,0.01344,0,1,0.053961723,0,0.66,0.0,1,4,3,0,1,0,0.779922065,0,0,-2.441723069,1,67300.0,4.2,88.2,2.0,1100.0,1000.0,26000.0,26000.0,4,1,1,0,8,0,2,2,1,1,1,1,1,3,1,0.0,4.0,0.0,9.0,3.0,3.0,1.0,2.0
Nigeria,2016,SUBSAHARAN AFRICA,54.39,0,20.72,1.1,0.47,2450,1,0,1,0,0,0,0,4.5,0.48,36.06,53.47000122,1.593699932,32.9,7.0,7.9,47,814,34.3,5.268000126,322.0,108.8000031,51,66.38354494,63.90199,8.98858,71.46788991,68.78341095,,5.599999905,4.581,29.0,68.5,2.103448276,55.59999847,25.64219,-2.739045381,16.05420375,24.70000076,5.757414818,2.448035974,42.68,10.1,48.83000183,3.4815632,1.08171624,0.08,0.53749758,69.77,44.25,,46.0,19.67,66.66666667,4.375789829,0.8741472,26.0,3.020569217,20.0,32,3.813756264,60.60121738,29.8,0.03114,1,1,0.000493867,1,0.85,6.706862337,0,4,3,0,1,1,0.828986805,0,1,-3.423169604,1,103500.0,14.4,98.1,,50000.0,53000.0,1100000.0,1000000.0,0,0,0,0,3,0,0,1,1,0,1,0,0,2,0,0.0,4.0,2.0,13.0,4.0,4.0,3.0,2.0
Nigeria,2018,SUBSAHARAN AFRICA,54.93,0,20.72,1.1,0.47,2450,1,0,1,0,0,0,0,4.5,0.76,36.06,53.47000122,1.593699932,32.9,7.0,7.9,47,814,34.3,5.268000126,322.0,108.8000031,51,66.38354494,63.90199,8.98858,71.46788991,68.78341095,,5.599999905,4.581,29.0,68.5,2.103448276,55.59999847,25.64219,-2.739045381,16.05420375,24.70000076,5.757414818,2.448035974,42.68,10.1,48.83000183,3.4815632,1.08171624,0.08,0.53749758,69.77,44.25,,46.0,19.67,66.66666667,4.375789829,0.8741472,26.0,3.020569217,20.0,32,3.813756264,60.60121738,29.8,0.03114,1,1,0.000493867,1,0.85,6.706862337,0,4,3,0,1,1,0.828986805,0,1,-3.423169604,1,103500.0,14.4,98.1,,50000.0,53000.0,1100000.0,1000000.0,0,0,0,0,3,0,0,1,1,0,1,0,0,2,0,0.0,4.0,2.0,13.0,4.0,4.0,3.0,2.0
Pakistan,2016,ASIA,53.53,0,25.31,0.89,0.27,1500,1,1,0,0,0,0,0,4.0,1.13,45.71,8.300000191,2.747399807,45.0,22.0,10.5,57,178,45.5,5.193999767,270.0,81.09999847,63,70.76932626,71.85668,7.78876,52.60892953,49.49076624,29.96300825,20.60000038,74.35,63.5,91.40000153,1.378323108,93.59999847,36.1472,-3.052479946,7.325158128,,5.431818485,3.484310116,13.8,0.5,30.02000046,60.8714431,3.517748412,0.12,0.94117111,67.91,52.48,0.0,62.0,35.03,18.75,0.946745761,0.866445219,30.0,3.054124701,7.7,39,3.469061417,57.63966888,33.6,0.07403,1,1,0.039574437,1,0.71,4.394449155,1,4,2,0,0,0,0.609827381,0,0,-3.188769335,1,228800.0,3.8,35.1,,5400.0,6400.0,29000.0,42000.0,0,0,0,0,3,1,1,1,0,0,0,0,1,2,0,0.0,4.0,1.0,12.0,4.0,4.0,6.0,2.0
Pakistan,2018,ASIA,51.7,0,25.31,0.89,0.27,1500,1,1,0,0,0,0,0,4.0,1.68,45.71,8.300000191,2.747399807,45.0,22.0,10.5,57,178,45.5,5.193999767,270.0,81.09999847,63,70.76932626,71.85668,7.78876,52.60892953,49.49076624,29.96300825,20.60000038,74.35,63.5,91.40000153,1.378323108,93.59999847,36.1472,-3.052479946,7.325158128,,5.431818485,3.484310116,13.8,0.5,30.02000046,60.8714431,3.517748412,0.12,0.94117111,67.91,52.48,0.0,62.0,35.03,18.75,0.946745761,0.866445219,30.0,3.054124701,7.7,39,3.469061417,57.63966888,33.6,0.07403,1,1,0.039574437,1,0.71,4.394449155,1,4,2,0,0,0,0.609827381,0,0,-3.188769335,1,228800.0,3.8,35.1,,5400.0,6400.0,29000.0,42000.0,0,0,0,0,3,1,1,1,0,0,0,0,1,2,0,0.0,4.0,1.0,12.0,4.0,4.0,6.0,2.0
Philippines,2016,ASIA,66.97,1,64.9,2.72,0.38,3580,1,1,0,0,0,0,0,5.0,0.4,55.54,13.10999966,3.637300014,30.3,13.5,7.9,60,114,12.6,5.072999954,288.0,28.0,79,97.75079836,90.22618,11.27717,47.06397897,105.4156171,64.33121019,27.20000076,17.03,73.90000153,91.80000305,1.189907039,87.5,50.45161,-0.713209525,23.6813305,11.10000038,6.666004658,3.3050247,39.69,0.0,42.97999954,59.0351477,0.53125,0.11,0.867845356,77.12,49.49,47.05882353,89.0,8.6,17.88617886,4.092463452,0.64969738,35.0,3.384768242,8.8,111,4.116854763,62.26817386,90.2,0.01307,1,1,0.047443987,1,0.24,7.218176838,1,4,4,0,1,1,0.676781064,0,1,-2.108474317,1,152600.0,0.6,70.6,2.1,1000.0,1200.0,3900.0,5900.0,1,0,0,0,9,2,2,1,1,1,1,1,1,2,1,1.0,3.0,2.0,10.0,3.0,3.0,0.0,1.0
Philippines,2018,ASIA,64.08,1,64.9,2.72,0.38,3580,1,1,0,0,0,0,0,5.0,0.77,55.54,13.10999966,3.637300014,30.3,13.5,7.9,60,114,12.6,5.072999954,288.0,28.0,79,97.75079836,90.22618,11.27717,47.06397897,105.4156171,64.33121019,27.20000076,17.03,73.90000153,91.80000305,1.189907039,87.5,50.45161,-0.713209525,23.6813305,11.10000038,6.666004658,3.3050247,39.69,0.0,42.97999954,59.0351477,0.53125,0.11,0.867845356,77.12,49.49,47.05882353,89.0,8.6,17.88617886,4.092463452,0.64969738,35.0,3.384768242,8.8,111,4.116854763,62.26817386,90.2,0.01307,1,1,0.047443987,1,0.24,7.218176838,1,4,4,0,1,1,0.676781064,0,1,-2.108474317,1,152600.0,0.6,70.6,2.1,1000.0,1200.0,3900.0,5900.0,1,0,0,0,9,2,2,1,1,1,1,1,1,2,1,1.0,3.0,2.0,10.0,3.0,3.0,0.0,1.0
Poland,2016,EUROPE,81.2,2,100.47,3.55,0.57,12690,0,0,0,0,1,0,0,1.5,0.48,69.81,0.0,4.268000126,,1.169999957,,67,3,3.1,5.790999889,21.0,5.199999809,98,99.99996,96.83537,15.46559,39.27710843,98.60968511,74.96136366,27.39999962,18.96,97.19999695,98.30000305,1.782926829,100.0,95.0,0.447443109,63.58095676,0.0,7.363407135,4.102319517,66.6,54.9,32.72999954,99.0905077,60.72727273,0.03,8.335786819,82.03,64.09,36.36363636,76.0,92.48,36.68639053,6.335274343,0.967672415,62.0,3.199944642,1.2,217,4.297182542,66.08293484,100.0,0.003171,0,1,0.030374457,0,0.12,0.0,1,4,4,0,1,1,0.848273816,0,0,-1.706677937,1,,,,,,,,,6,2,1,1,12,2,2,2,1,2,2,1,1,2,2,1.0,3.0,0.0,8.0,2.0,2.0,1.0,2.0
Poland,2018,EUROPE,78.72,2,100.47,3.55,0.57,12690,0,0,0,0,1,0,0,1.5,0.21,69.81,0.0,4.268000126,,1.169999957,,67,3,3.1,5.790999889,21.0,5.199999809,98,99.99996,96.83537,15.46559,39.27710843,98.60968511,74.96136366,27.39999962,18.96,97.19999695,98.30000305,1.782926829,100.0,95.0,0.447443109,63.58095676,0.0,7.363407135,4.102319517,66.6,54.9,32.72999954,99.0905077,60.72727273,0.03,8.335786819,82.03,64.09,36.36363636,76.0,92.48,36.68639053,6.335274343,0.967672415,62.0,3.199944642,1.2,217,4.297182542,66.08293484,100.0,0.003171,0,1,0.030374457,0,0.12,0.0,1,4,4,0,1,1,0.848273816,0,0,-1.706677937,1,,,,,,,,,6,2,1,1,12,2,2,2,1,2,2,1,1,2,2,1.0,3.0,0.0,8.0,2.0,2.0,1.0,2.0
Romania,2018,EUROPE,77.88,1,83.57,3.33,0.65,9480,0,0,0,0,1,0,0,2.0,0.35,67.51,0.0,4.068500042,12.8,,3.5,66,31,6.3,5.124000072,81.0,11.10000038,89,98.99568738,85.75557,14.2108,31.1001142,92.32583497,71.96262143,13.69999981,3.243,79.09999847,100.0,1.176068376,100.0,82.76085,-0.091156769,64.78037459,0.899999976,6.906870365,3.613692463,54.08,37.6,27.42000008,,13.055,0.03,4.210560322,93.44,77.68,100.0,61.0,,20.93023256,3.270359514,0.947215258,,3.216095861,1.7,155,3.887201276,54.55424172,,0.003194,0,1,0.049544012,0,0.31,0.0,1,4,4,0,1,1,0.83125462,0,0,-1.910182858,1,,1.0,88.96,,200.0,200.0,1000.0,1000.0,6,2,2,0,8,1,2,2,1,1,0,1,1,2,1,1.0,3.0,1.0,8.0,3.0,2.0,0.0,3.0
Russia,2016,RUSSIA AND EURASIA,72.29,0,46.23,2.53,0.12,9720,1,0,0,0,0,0,1,4.0,0.73,66.36,0.0,2.443199873,,1.169999957,,61,25,5.0,5.71600008,84.0,9.600000381,97,99.70960245,96.06178,14.68839,28.7103046,99.11816995,84.28761721,13.60000038,1.463,72.19999695,96.90000153,1.459058245,100.0,95.0,-1.711445728,184.6976969,0.0,5.805064678,4.12930648,70.52,60.1,40.11000061,93.8724641,21.5,0.03,12.64732838,92.9,77.29,5.737704918,31.0,2.185535959,6.587615283,5.379498326,0.955111828,29.0,3.164031726,9.2,475,3.33376613,52.87265575,100.0,0.02135,0,1,0.006341352,1,0.25,3.988984047,1,3,3,0,1,1,0.591661661,0,0,-2.55164571,0,,,,,,,,,0,0,0,0,2,0,0,2,0,0,0,0,1,2,0,1.0,4.0,1.0,12.0,4.0,4.0,3.0,4.0
Russia,2018,RUSSIA AND EURASIA,69.06,0,46.23,2.53,0.12,9720,1,0,0,0,0,0,1,4.0,0.53,66.36,0.0,2.443199873,,1.169999957,,61,25,5.0,5.71600008,84.0,9.600000381,97,99.70960245,96.06178,14.68839,28.7103046,99.11816995,84.28761721,13.60000038,1.463,72.19999695,96.90000153,1.459058245,100.0,95.0,-1.711445728,184.6976969,0.0,5.805064678,4.12930648,70.52,60.1,40.11000061,93.8724641,21.5,0.03,12.64732838,92.9,77.29,5.737704918,31.0,2.185535959,6.587615283,5.379498326,0.955111828,29.0,3.164031726,9.2,475,3.33376613,52.87265575,100.0,0.02135,0,1,0.006341352,1,0.25,3.988984047,1,3,3,0,1,1,0.591661661,0,0,-2.55164571,0,,,,,,,,,0,0,0,0,2,0,0,2,0,0,0,0,1,2,0,1.0,4.0,1.0,12.0,4.0,4.0,3.0,4.0
Serbia,2018,EUROPE,75.28,1,107.5,6.15,0.35,5310,0,0,0,0,1,0,0,1.5,0.16,68.3,0.100000001,5.965899944,6.0,,3.9,65,17,4.2,5.123000145,24.0,6.699999809,86,99.26009,94.79516,14.38712,68.85813149,87.48461885,70.75306936,34.0,2.541,96.40000153,99.19999695,1.155612245,100.0,67.91875,-2.539192446,43.97233038,9.5,19.04210663,3.147492886,53.5,53.7,29.62000084,96.2326467,8.7885,0.02,6.799115181,,,,,,0.0,1.183003961,0.956500163,,2.650929063,1.2,142,3.106488553,67.79939063,98.9,0.003697,0,0,0.008915212,0,0.57,0.0,1,4,4,0,1,1,0.781611364,0,1,-1.59847389,1,3900.0,1.6,91.2,,100.0,100.0,,,7,2,2,1,8,1,1,1,1,2,1,1,2,2,1,0.0,4.0,0.0,8.0,3.0,2.0,0.0,2.0
Singapore,2018,ASIA,80.01,1,310.26,23.97,0.34,51880,0,1,0,0,0,0,0,1.5,0.34,74.61,0.0,,4.4,1.169999957,3.6,76,10,1.0,6.797999859,49.0,2.700000048,95,99.84585742,100.0,15.4,25.16778523,92.58920403,76.64907142,23.89999962,,100.0,100.0,0.970833333,100.0,95.0,1.472378867,59.32291633,0.0,3.270637274,6.387624349,82.0,149.3,,100.0,99.65,0.06,4.320161343,82.39,44.93,0.0,80.0,,0.0,4.906385429,0.866364526,85.0,5.766091678,0.2,230,6.2682947,92.30501378,,0.00339,0,0,0.022921235,0,0.39,0.0,1,4,3,0,1,1,0.46057433,0,1,-0.481385051,0,800.0,0.0,100.0,0.0,100.0,100.0,,,8,2,2,2,6,1,1,1,0,1,1,1,1,2,1,1.0,2.0,0.0,7.0,3.0,3.0,5.0,2.0
South Africa,2016,SUBSAHARAN AFRICA,69.89,1,60.79,0.75,0.61,5490,0,0,1,0,0,0,0,3.5,0.45,53.78,16.55999947,4.320399761,23.9,5.0,4.7,52,138,11.0,4.642000198,834.0,40.5,70,98.88204097,89.55526,13.55794,16.93722944,95.57440506,76.31579294,42.0,24.23,66.40000153,93.19999695,1.660347551,85.40000153,84.93672,-2.882389754,66.19826566,,25.13574219,4.310185149,49.0,58.5,63.13999939,91.6923535,27.85875,0.09,9.257216454,84.74,59.28,13.33333333,49.0,20.93170052,21.21212121,17.17185941,0.780582731,44.0,4.096786162,31.0,294,5.471041663,39.80251288,85.0,0.009211,0,1,0.004537171,0,0.75,0.0,1,4,4,0,1,1,0.830778531,0,1,-2.316713055,1,24000.0,57.7,86.1,,74000.0,71000.0,1300000.0,1200000.0,4,0,2,0,11,2,2,2,1,1,2,1,1,3,2,4.0,3.0,0.0,12.0,4.0,4.0,3.0,3.0
South Africa,2018,SUBSAHARAN AFRICA,68.63,1,60.79,0.75,0.61,5490,0,0,1,0,0,0,0,3.5,0.28,53.78,16.55999947,4.320399761,23.9,5.0,4.7,52,138,11.0,4.642000198,834.0,40.5,70,98.88204097,89.55526,13.55794,16.93722944,95.57440506,76.31579294,42.0,24.23,66.40000153,93.19999695,1.660347551,85.40000153,84.93672,-2.882389754,66.19826566,,25.13574219,4.310185149,49.0,58.5,63.13999939,91.6923535,27.85875,0.09,9.257216454,84.74,59.28,13.33333333,49.0,20.93170052,21.21212121,17.17185941,0.780582731,44.0,4.096786162,31.0,294,5.471041663,39.80251288,85.0,0.009211,0,1,0.004537171,0,0.75,0.0,1,4,4,0,1,1,0.830778531,0,1,-2.316713055,1,24000.0,57.7,86.1,,74000.0,71000.0,1300000.0,1200000.0,4,0,2,0,11,2,2,2,1,1,2,1,1,3,2,4.0,3.0,0.0,12.0,4.0,4.0,3.0,3.0
Sri Lanka,2016,ASIA,58.92,1,50.01,1.1,0.5,3780,0,1,0,0,0,0,0,3.0,0.22,54.8,1.690000057,3.801399946,14.7,22.0,21.4,65,30,5.4,4.270999908,65.0,9.800000191,99,98.1579253,94.13639,13.71335,29.0805417,98.54752712,46.70255631,4.900000095,24.53,95.09999847,95.59999847,1.141666667,88.66255951,25.39852,1.309471595,17.05897531,2.5,4.69761467,5.054661843,25.8,7.8,36.40000153,72.8573009,0.0,0.14,0.729920864,89.16,61.81,0.0,35.0,12.45,12.90322581,2.865138402,0.571313216,37.0,3.865479418,3.4,132,4.319000533,73.52891883,97.2,0.007062,0,1,0.018874194,0,0.42,0.0,1,4,3,0,1,1,0.852834118,0,1,-2.456428005,1,30000.0,0.3,83.6,1.7,500.0,200.0,,,0,0,0,0,5,0,1,1,0,1,1,1,1,2,0,2.0,4.0,2.0,12.0,3.0,4.0,3.0,3.0
Sri Lanka,2018,ASIA,54.45,1,50.01,1.1,0.5,3780,0,1,0,0,0,0,0,3.0,0.21,54.8,1.690000057,3.801399946,14.7,22.0,21.4,65,30,5.4,4.270999908,65.0,9.800000191,99,98.1579253,94.13639,13.71335,29.0805417,98.54752712,46.70255631,4.900000095,24.53,95.09999847,95.59999847,1.141666667,88.66255951,25.39852,1.309471595,17.05897531,2.5,4.69761467,5.054661843,25.8,7.8,36.40000153,72.8573009,0.0,0.14,0.729920864,89.16,61.81,0.0,35.0,12.45,12.90322581,2.865138402,0.571313216,37.0,3.865479418,3.4,132,4.319000533,73.52891883,97.2,0.007062,0,1,0.018874194,0,0.42,0.0,1,4,3,0,1,1,0.852834118,0,1,-2.456428005,1,30000.0,0.3,83.6,1.7,500.0,200.0,,,0,0,0,0,5,0,1,1,0,1,1,1,1,2,0,2.0,4.0,2.0,12.0,3.0,4.0,3.0,3.0
Thailand,2018,ASIA,68.15,0,121.66,0.74,0.11,5640,1,1,0,0,0,0,0,3.0,0.89,62.17,0.059999999,3.10289979,16.3,7.400000095,6.7,66,20,6.7,6.454999924,171.0,12.30000019,99,96.59757476,95.60995,13.47211,9.185202259,94.68178203,78.20025294,6.099999905,13.07,93.0,97.80000305,1.493059747,100.0,73.86841,-0.815138754,111.9143573,8.300000191,1.074928999,4.011281857,34.89,52.3,39.36999893,75.8920724,16.0,0.23,4.534491539,81.8,65.49,,67.0,42.96421685,53.09734513,6.351098205,0.803594608,38.0,3.43156454,5.0,398,4.101412273,69.41557978,99.4,0.02841,1,1,0.025196228,0,0.63,3.784189634,1,1,3,0,1,1,0.175902524,0,1,-1.526046527,0,144000.0,1.7,83.1,3.5,20000.0,18000.0,250000.0,230000.0,1,0,0,0,8,1,2,2,0,1,1,1,1,2,1,1.0,3.0,2.0,11.0,3.0,2.0,2.0,2.0
Tunisia,2016,MIDDLE EAST AND NORTH AFRICA,67.3,1,91.44,1.48,0.66,3690,0,0,0,0,0,1,0,3.0,0.77,65.06,1.99000001,1.832499981,10.1,5.0,2.8,66,62,8.2,4.738999844,33.0,14.0,98,97.3044449,98.72154,14.62357,28.49695917,75.82018226,36.57142912,31.29999924,69.71,91.59999847,97.69999695,1.288043478,100.0,95.0,-3.158521669,23.34835359,2.099999905,14.81652355,3.673942031,46.16,30.9,36.06000137,94.5329431,27.77310217,0.07,2.402455568,87.28,73.01,0.0,58.0,17.82,1.388888889,5.817335529,0.972199378,38.0,3.484548739,2.2,199,4.351137597,61.79584451,99.2,0.004354,0,0,0.009616641,0,0.04,0.0,1,4,3,0,1,1,0.800101076,0,0,-1.737196666,1,25000.0,1.2,58.3,,100.0,100.0,,,2,0,0,0,7,1,2,0,1,1,0,2,1,2,0,4.0,4.0,2.0,15.0,3.0,4.0,4.0,2.0
Tunisia,2018,MIDDLE EAST AND NORTH AFRICA,64.86,1,91.44,1.48,0.66,3690,0,0,0,0,0,1,0,3.0,0.22,65.06,1.99000001,1.832499981,10.1,5.0,2.8,66,62,8.2,4.738999844,33.0,14.0,98,97.3044449,98.72154,14.62357,28.49695917,75.82018226,36.57142912,31.29999924,69.71,91.59999847,97.69999695,1.288043478,100.0,95.0,-3.158521669,23.34835359,2.099999905,14.81652355,3.673942031,46.16,30.9,36.06000137,94.5329431,27.77310217,0.07,2.402455568,87.28,73.01,0.0,58.0,17.82,1.388888889,5.817335529,0.972199378,38.0,3.484548739,2.2,199,4.351137597,61.79584451,99.2,0.004354,0,0,0.009616641,0,0.04,0.0,1,4,3,0,1,1,0.800101076,0,0,-1.737196666,1,25000.0,1.2,58.3,,100.0,100.0,,,2,0,0,0,7,1,2,0,1,1,0,2,1,2,0,4.0,4.0,2.0,15.0,3.0,4.0,4.0,2.0
Uganda,2018,SUBSAHARAN AFRICA,52.66,0,47.22,2.6,0.28,630,1,0,1,0,0,0,0,3.0,0.76,43.62,33.24000168,2.019299984,34.2,25.5,4.3,50,343,18.7,3.930999994,161.0,54.59999847,78,87.40882894,91.48062,9.76888,56.55976676,71.13564669,95.01134462,35.0,1.06,19.10000038,79.0,,18.16255951,5.0,-4.87924161,4.227783433,16.29999924,3.590334415,3.539417064,17.71,7.4,44.29999924,23.420564,0.56,0.08,0.110886574,,,,,,26.66666667,5.663806122,0.755702097,25.0,3.567911081,10.7,97,3.891180475,46.03529597,29.9,0.03042,0,1,0.025690565,0,0.93,5.463831805,1,4,3,0,1,1,0.579077031,0,1,-2.605993015,0,44300.0,85.0,69.4,,26000.0,23000.0,1000000.0,950000.0,2,1,0,0,7,0,2,2,1,1,1,0,0,3,1,1.0,3.0,2.0,12.0,3.0,3.0,3.0,2.0
Ukraine,2018,RUSSIA AND EURASIA,70.6,0,104.81,3.69,0.22,2310,1,0,0,0,0,0,1,4.0,0.67,66.39,0.0,4.400799751,3.7,,0.3,63,24,5.5,4.681000233,94.0,9.0,76,99.77241,97.40348,15.14135,33.61522199,99.03508772,80.95237519,12.10000038,8.471,95.90000153,96.19999695,1.368094992,100.0,95.0,-4.980210691,94.55598808,2.400000095,9.874469757,3.807098305,43.4,5.4,25.62000084,86.3429623,14.7,0.04,6.26235199,88.84,71.58,5.0,90.0,32.54,1.459854015,5.702894703,0.943358382,27.0,2.866647266,4.3,305,2.947390139,44.26565111,99.8,0.01689,0,0,0.013978478,1,0.47,4.143134726,1,3,3,0,1,1,0.684341717,0,1,-1.712699873,0,86600.0,5.2,93.9,3.1,8300.0,6100.0,56000.0,61000.0,4,1,1,0,10,1,2,2,1,1,2,1,2,2,0,1.0,3.0,2.0,12.0,3.0,4.0,0.0,2.0
Vietnam,2016,ASIA,64.27,0,184.69,6.14,0.2,2100,0,1,0,0,0,0,0,3.0,0.15,57.62,3.230000019,5.577399731,19.4,11.0,5.7,66,54,11.4,5.360000134,140.0,21.70000076,95,97.09167345,97.96511,11.9,21.42377435,88.71989861,89.06439895,24.29999924,9.259,78.0,97.59999847,1.024409449,99.0,43.7808,-0.07219119,23.59304334,16.39999962,2.058134079,3.46707112,48.31,18.8,35.56999969,61.3066205,0.1375,0.24,1.97143352,79.24,56.92,7.692307692,3.0,0.45,2.777777778,9.076539684,0.74662179,31.0,3.407291069,3.3,145,3.909753896,60.55325259,95.0,0.01451,0,1,0.048465601,1,0.24,0.0,1,0,2,0,0,0,0.559767539,0,0,-0.991591011,0,71900.0,3.6,85.4,2.1,5300.0,4700.0,94000.0,94000.0,3,1,0,0,1,0,0,1,0,0,0,0,1,2,0,,2.0,0.0,,3.0,3.0,2.0,3.0
Vietnam,2018,ASIA,59.7,0,184.69,6.14,0.2,2100,0,1,0,0,0,0,0,3.0,0.45,57.62,3.230000019,5.577399731,19.4,11.0,5.7,66,54,11.4,5.360000134,140.0,21.70000076,95,97.09167345,97.96511,11.9,21.42377435,88.71989861,89.06439895,24.29999924,9.259,78.0,97.59999847,1.024409449,99.0,43.7808,-0.07219119,23.59304334,16.39999962,2.058134079,3.46707112,48.31,18.8,35.56999969,61.3066205,0.1375,0.24,1.97143352,79.24,56.92,7.692307692,3.0,0.45,2.777777778,9.076539684,0.74662179,31.0,3.407291069,3.3,145,3.909753896,60.55325259,95.0,0.01451,0,1,0.048465601,1,0.24,0.0,1,0,2,0,0,0,0.559767539,0,0,-0.991591011,0,71900.0,3.6,85.4,2.1,5300.0,4700.0,94000.0,94000.0,3,1,0,0,1,0,0,1,0,0,0,0,1,2,0,,2.0,0.0,,3.0,3.0,2.0,3.0
